{"left_lower_arm":{"rotation":[-1.5707963267948966,-0.29670597283903605,3.141592653589793],"time":8},"left_upper_arm":{"rotation":[-1.5707963267948966,-1.6580627893946132,-1.5707963267948966],"time":282},"left_palm":{"rotation":[-1.5707963267948966,0.12217304763960307,-1.5707963267948966],"time":34}}